#,What to type,What should happen,What Jessie actually said,Worked?,Notes,Jessie version,Date
EXAMPLE,Book Studio 7 next Thursday from 2pm to 5pm,"Asks for anything missing, shows a short card, waits for your yes, then books it.","""STUDIO TEST / Jem Lim / HL ... Book it? Reply yes or no."" / after yes: ""Booked.""",NO,"Calendar block was 1:45-5:15, not 2-5.",v217,5 Oct
READ ME,"Round 3 (builds: main v217, Book Session v88). Type ""reset"" before each test. Dates land in 2027 on purpose (QA year shift). Cards are now short: title, date, time, room, then ""Book it? Reply yes or no."" Please cancel your test bookings when done.",,,,,,
MAKING A BOOKING  (B),,,,,,,
B1,Book Studio 7 next Thursday from 2pm to 5pm,"Asks everything missing in ONE message (session type, project, client). Shows a short card (title, date, time, room) ending ""Book it? Reply yes or no."" Books only after yes; replies ""Booked.""",,,,,
B2,Book Studio F for [a colleague] next Thursday from 1pm to 4pm   (retest - round 2 lost track),"Asks once for what is missing, shows one short card with ""For: [colleague]"", books after yes. No ""availability check did not run"" message, no clash message after ""Booked.""",,,,,
B3,"Start a booking. While Jessie waits for your yes, send a different booking request instead.",Treats it as a new request. It must not read that as a yes and book the first one.,,,,,
B4,"Book a room you know is taken, with a time but leave out the project/client (e.g. ""book vo recording 3-4pm tomorrow studio f"")","The FIRST question already says the room is booked (""Heads up: Studio F is booked ... (TITLE).""), before asking for the missing details.",,,,,
"SESSION TYPES, ROOMS AND LENGTHS  (M)",,,,,,,
M1,I need to record VO in Studio 3 next Thursday from 2pm to 5pm,Says Studio 3 is not a usual VO room and offers the usual ones (that are free). Lets you keep Studio 3 if you insist.,,,,,
M2,"Book a Localization Dubbing session next Monday 10am-5pm, project [real NET- code], engineer [name]",Includes a vocal booth without being asked.,,,,,
M3,"Book a celebrity recording next Monday from 2pm to 5pm. When it offers a room, ask for a different one.",Asks Music or Audio Post if unclear; offers the usual Celebrity Recording rooms; then books the room you asked for.,,,,,
M4,Book a voiceover session next Wednesday   (no time),"Asks ""What time?"" - it must NOT pick a time for you.",,,,,
M5,Book a voiceover next Friday 9am-6pm. Then one from 2pm to 2:15pm.,"Both cards carry ONE plain line: ""Heads up: 9 hours is longer than VO Recording usually runs (...)"" / ""...shorter..."". After yes, the reply is just ""Booked."" (no repeat).",,,,,
M6,"Name the session type loosely, one per booking: celeb / dubbing / vo recordng (typo) / mixing","The first three register as Celebrity Recording / Localization Dubbing / VO Recording. ""mixing"" gets a ""Which one - ..."" choice list.",,,,,
M7,Book a studio with a client who has more than one Client Type in Airtable (e.g. Vic Icasas),"Asks only between that client's types (e.g. ""Is this internal, or personal?""), not all four.",,,,,
CLASHES  (C)   -   SET UP FIRST: a booking already in the room you test.,,,,,,,
C1,Book a room you already know is taken at that time.,"Refuses, names the booking it clashes with, and offers other suitable rooms. Check the calendar: every room offered must really be free.",,,,,
C2,Book a slot that overlaps the middle of an existing booking. Then one that starts the exact minute it ends.,The overlap is caught. The back-to-back one is allowed.,,,,,
C3,"After this section, open Google Calendar and look at the ORIGINAL booking.","Unchanged - same room, time, title. Any change is a STOP.",,,,,
CANCELLING AND MOVING  (X),,,,,,,
X1,Cancel my [room] booking [day],"Shows a short card ending ""Cancel it? Reply yes or no."" Cancels only after yes; the event disappears.",,,,,
X3,Cancel a booking somebody else made.,Refuses. Anything that ends with the booking gone is a STOP.,,,,,
X4,Cancel a booking you do not have. Then open the calendar.,Says it cannot find it; nothing else deleted.,,,,,
X5,Move one of your bookings one hour later. Then count the events in Google Calendar.,"Card shows Now / Moving to with the right times (old time + 1 hour). After yes: exactly one event at the new time, no duplicate.",,,,,
AWKWARD REQUESTS  (E),,,,,,,
E4,book Studio 7 next Thursday 2pm to 5pm for O'Brien,Replies normally (O'Brien is accepted as a new client). Silence or an error is a STOP.,,,,,
E5,"book vo recording tomorrow 3-5pm studio 7, client jem lim, project wheat sun","The card says TOMORROW's date and the title WHEAT SUN. (""sun"" in a project name must not be read as Sunday.)",,,,,
DOES IT ANSWER THE SAME WAY TWICE?  (D)   -   type reset after every message,,,,,,,
D1,"Same booking three times, saying the session type differently: vo recording / voiceover / VO","Same session type, room and time block all three times.",,,,,
D2,Book for the same client twice (reset in between),"Same room both times; no ""client's usual room"" reason (client room preferences are no longer used).",,,,,
