#,What to type,What should happen,What Jessie actually said,Worked?,Notes,Jessie version,Date
EXAMPLE,Book Studio 7 next Thursday from 2pm to 5pm,"Asks for anything missing, shows a short card, waits for your yes, then books it.","""STUDIO TEST / Jem Lim / HL ... Book it? Reply yes or no."" / after yes: ""Booked.""",NO,"Calendar block was 1:45-5:15, not 2-5.",v217,5 Oct
READ ME,"Round 3 (builds: main v228, Book Session v94, Book Series v6). Type ""reset"" before each test. Dates land in 2027 on purpose (QA year shift). Cards are short: title, date, time, room, then ""Book it? Reply yes or no."" Jessie asks everything missing in one message, including the engineer if you are not one. Past dates can be booked (the card says ""Heads up: this date has already passed.""). If Jessie offers to ""send a request"" to whoever holds a room, note it and stop that test (known issue, being fixed). Please cancel your test bookings when done.",,,,,,
"ROOMS AND AVAILABILITY  (A)   -   check Airtable / the calendar, not memory.",,,,,,,
A1,What studios are free tomorrow?   Then: what studios are free tomorrow 2-5pm?,"Opens with ""🗓️ [date] ([weekday])"". Whole day: ""Free all day:"" then studios / vocal booths / M booths on their own lines, then ""Studio X (except [time])."" lines. Check against the calendar.",,,,,
A2,List all the rooms,Matches the Active / Bookable rooms in Airtable (M2 and M6 now included).,,,,,
A3,Which rooms are vocal booths? Which record vocals in-room?,Matches Airtable's two tickboxes.,,,,,
A4,Which rooms can do 5.1?,"From ""Recording Format"", not ""Room Type"".",,,,,
E6,"Try short days: ""book studio 7 thurs 2-4pm"" / ""what studios are free on sat?"" / ""book studio 7 in 2 days 3-5pm""",Each lands on the right date; the reply names the day.,,,,,
MAKING A BOOKING  (B),,,,,,,
B1,Book Studio 7 next Thursday from 2pm to 5pm,"Asks everything missing in ONE message (session type, project, engineer, client). If you skip one, it asks again. Shows a short card (title, date, time, room) ending ""Book it? Reply yes or no."" Books only after yes; replies ""Booked."" The title ends in the engineer's initials.",,,,,
B2,"Book Studio F for Japs next Thursday 1pm-4pm, engineer Daryl   (retest - round 2 STOP)","The card shows ""For: Japs""; the event reads ""Booked by: Camy Caridad (for Japs Concepcion)"". Engineer is a real staff member (Daryl Reyes = DR) - never an invented name. If ""Daryl"" is ambiguous it asks which one.",,,,,
B3,"Start a booking. While Jessie waits for your yes, send a different booking request instead.",Treats it as a new request. It must not read that as a yes and book the first one.,,,,,
B4,"Book a room you know is taken, with a time but leave out the project/client (e.g. ""book vo recording 3-4pm tomorrow studio f"")","The FIRST reply says the room is taken, with its time and title (""Studio F is already booked on ..., 3:00 PM – 4:00 PM (“TITLE”).""; ""You already have Studio F booked ..."" if it is yours), lists the rooms free at that time and the next days Studio F is free then, and asks ""Want one of those, or another day or time?"" - no session questions yet. Pick one and the booking carries on. (From main v230.)",,,,,
B5,"Answer a card with ""ye"" instead of ""yes""",Counts as yes and books it.,,,,,
B6,"Book with client ""sir vic"" (or ""miss [name]"")",The title is dropped: the card shows Vic Icasas.,,,,,
CLASHES  (C)   -   SET UP FIRST: a booking already in the room you test.,,,,,,,
C1,Book a room you already know is taken at that time.,"Refuses, names the booking it clashes with, and offers other suitable rooms. Check the calendar: every room offered must really be free.",,,,,
C2,"Tell it you do not want any of its suggestions, and ask for something else",Comes back with a new suggestion; does not book the one you turned down.,,,,,
C3,Reply 'the second one' to its list,Picks the right room off its own list.,,,,,
C4,Book a slot that overlaps the middle of an existing booking. Then one that starts the exact minute it ends.,The overlap is caught. The back-to-back one is allowed.,,,,,
C5,"After this section, open Google Calendar and look at the ORIGINAL booking.","Unchanged - same room, time, title. Any change is a STOP.",,,,,
C7,Book Studio 7 every Tuesday from 2pm to 5pm for the next month,"One card listing every date before the yes. If the room is taken on a date, that line shows another room or time (""· Studio 8 (Studio 7 is taken)""), or says the date is left out. You can change one date before the yes (""skip the 14th"", ""use Studio F on the 21st"") and get a new card. After yes: exactly the card's dates are on the calendar.",,,,,
CANCELLING AND MOVING  (X),,,,,,,
X1,Cancel my [room] booking [day],"Shows a short card ending ""Cancel it? Reply yes or no."" Cancels only after yes; the event disappears.",,,,,
X2,"Make two bookings in the same room on the same day, then: cancel my Studio 7 booking",Asks which one before deleting anything.,,,,,
X3,"Cancel a booking a fellow tester made (Trish / Jess / Camy - not one of yours), from your own Slack.","Refuses: ""... was booked by [name], and you do not have authority to cancel it."" Anything that ends with the booking gone is a STOP.",,,,,
X4,Cancel a booking you do not have (use a made-up name). Then open the calendar.,"Says it cannot find it; nothing else deleted. (If you happen to type a title someone else really has, it refuses it as not yours - that also passes.)",,,,,
X5,Move one of your bookings one hour later   (retest - round 2 moved from the wrong start),"The card's ""Now:"" matches the calendar, ""Moving to:"" is exactly one hour later. After yes: one event, no duplicate.",,,,,
AWKWARD REQUESTS  (E),,,,,,,
E4,book Studio 7 next Thursday 2pm to 5pm for O'Brien,Replies normally (O'Brien is accepted as a new client). Silence or an error is a STOP.,,,,,
